{
  "aruco_dictionary": "DICT_4X4_50",
  "marker_size_m": 0.03,
  "markers": {
    "1": {
      "position": [0.0, 0.0, 0.0],
      "quaternion_wxyz": [1.0, 0.0, 0.0, 0.0]
    },
    "2": {
      "position": [-0.01875, 0.0, -0.010825],
      "quaternion_wxyz": [0.612372, 0.353553, -0.353553, -0.612372]
    },
    "3": {
      "position": [0.0, 0.01875, -0.010825],
      "quaternion_wxyz": [0.0, 0.0, 0.5, 0.866025]
    },
    "4": {
      "position": [0.01875, 0.0, -0.010825],
      "quaternion_wxyz": [0.612372, 0.353553, 0.353553, 0.612372]
    }
  }
}
